city,latitude,longitude,Country,Temperature,Humidity,Cloud Level,Wind Speed,Air Pressure,Date
Qaqortoq,60.7167,-46.0333,GL,-15.72,48.0,1.0,11.75,1004.0,1644042809.0
Labuhan,-6.8844,112.2051,ID,28.0,81.0,100.0,6.28,1006.0,1644042813.0
Pevek,69.7008,170.3133,RU,-33.14,99.0,36.0,2.38,1028.0,1644042814.0
Manzhouli,49.6,117.4333,CN,-14.52,81.0,100.0,5.43,1028.0,1644042816.0
Avarua,-21.2078,-159.775,CK,26.03,83.0,20.0,4.63,1016.0,1644042818.0
Uíge,-7.6087,15.0613,AO,20.98,82.0,18.0,0.26,1015.0,1644042819.0
Vondrozo,-22.8167,47.2833,MG,21.3,95.0,100.0,4.64,1007.0,1644042821.0
Hithadhoo,-0.6,73.0833,MV,28.06,73.0,100.0,7.04,1009.0,1644042697.0
Mataura,-46.1927,168.8643,NZ,15.27,49.0,15.0,3.06,1014.0,1644042396.0
Ostrovnoy,68.0531,39.5131,RU,-9.37,83.0,100.0,11.93,1005.0,1644042397.0
Okha,53.5739,142.9478,RU,-16.1,94.0,100.0,9.41,1004.0,1644042398.0
Ribeira Grande,38.5167,-28.7,PT,15.16,75.0,25.0,2.11,1029.0,1644042400.0
Punta Arenas,-53.15,-70.9167,CL,7.06,70.0,0.0,1.03,1015.0,1644042401.0
Albany,42.6001,-73.9662,US,-11.08,85.0,99.0,1.61,1014.0,1644042403.0
Lufilufi,-13.8745,-171.5986,WS,25.44,74.0,99.0,7.49,1011.0,1644042404.0
Ushuaia,-54.8,-68.3,AR,6.81,87.0,0.0,2.57,1012.0,1644042126.0
Santa Cruz de la Sierra,-17.8,-63.1667,BO,23.7,94.0,75.0,6.17,1008.0,1644042408.0
Rikitea,-23.1203,-134.9692,PF,25.88,72.0,10.0,2.84,1021.0,1644042410.0
Pemangkat,1.1667,108.9667,ID,27.72,80.0,92.0,5.65,1007.0,1644042411.0
Esperance,-33.8667,121.9,AU,36.91,49.0,2.0,9.03,1010.0,1644042413.0
Kiryat Gat,31.61,34.7642,IL,10.23,100.0,80.0,4.78,1020.0,1644042414.0
Leningradskiy,69.3833,178.4167,RU,-28.5,94.0,49.0,3.23,1027.0,1644042416.0
Saint-Philippe,-21.3585,55.7679,RE,30.77,89.0,100.0,11.07,1009.0,1644042417.0
Bengkulu,-3.8004,102.2655,ID,26.5,78.0,99.0,2.15,1010.0,1644042418.0
Ancud,-41.8697,-73.8203,CL,10.52,90.0,3.0,0.75,1022.0,1644042201.0
Kavieng,-2.5744,150.7967,PG,28.82,70.0,100.0,3.95,1005.0,1644042421.0
Santa Vitória do Palmar,-33.5189,-53.3681,BR,20.23,95.0,44.0,1.85,1005.0,1644042422.0
Mount Gambier,-37.8333,140.7667,AU,24.95,47.0,37.0,8.75,1018.0,1644042424.0
Muros,42.7762,-9.0603,ES,8.06,80.0,47.0,6.49,1029.0,1644042425.0
Busselton,-33.65,115.3333,AU,41.69,37.0,8.0,4.18,1006.0,1644042311.0
Vila Velha,-20.3297,-40.2925,BR,23.86,96.0,0.0,2.68,1012.0,1644042428.0
Mindelo,16.8901,-24.9804,CV,20.75,78.0,20.0,8.23,1014.0,1644042429.0
Saint-Joseph,-21.3667,55.6167,RE,30.21,83.0,100.0,9.02,1008.0,1644042431.0
Port Alfred,-33.5906,26.891,ZA,20.9,84.0,95.0,4.72,1022.0,1644042432.0
Metro,-5.1131,105.3067,ID,28.1,72.0,100.0,3.15,1009.0,1644042434.0
Laas,46.6166,10.7002,IT,-0.58,92.0,43.0,3.52,1024.0,1644042435.0
Concepción,-36.827,-73.0498,CL,13.03,87.0,48.0,2.16,1018.0,1644042420.0
Bredasdorp,-34.5322,20.0403,ZA,20.62,64.0,24.0,7.72,1020.0,1644042438.0
Saskylakh,71.9167,114.0833,RU,-23.06,98.0,100.0,2.31,1020.0,1644042439.0
Chapais,49.7834,-74.8492,CA,-29.12,99.0,100.0,1.33,1026.0,1644042169.0
Les Cayes,18.2,-73.75,HT,23.19,77.0,8.0,2.29,1016.0,1644042442.0
Tasiilaq,65.6145,-37.6368,GL,-3.91,68.0,100.0,18.43,986.0,1644042443.0
Kruisfontein,-34.0033,24.7314,ZA,19.38,72.0,48.0,4.44,1022.0,1644042445.0
Qaanaaq,77.484,-69.3632,GL,-17.31,73.0,100.0,2.7,999.0,1644042446.0
Uruçuí,-7.2294,-44.5561,BR,23.58,85.0,99.0,0.69,1009.0,1644042447.0
Shenjiamen,29.9576,122.298,CN,6.26,63.0,29.0,7.92,1030.0,1644042449.0
Ponta Delgada,37.7333,-25.6667,PT,13.4,82.0,20.0,3.09,1028.0,1644042450.0
Puerto Ayora,-0.7393,-90.3518,EC,24.19,93.0,47.0,1.34,1013.0,1644042452.0
Thunder Bay,48.4001,-89.3168,CA,-25.39,80.0,0.0,2.06,1029.0,1644042453.0
Mayo,38.8876,-76.5119,US,0.41,77.0,100.0,4.92,1012.0,1644042455.0
Henties Bay,-22.116,14.2845,,19.36,84.0,92.0,2.24,1013.0,1644042456.0
Arraial do Cabo,-22.9661,-42.0278,BR,24.22,89.0,98.0,9.76,1008.0,1644042458.0
Hobart,-42.8794,147.3294,AU,20.0,64.0,40.0,0.89,1023.0,1644042460.0
Kapaa,22.0752,-159.319,US,21.81,74.0,100.0,2.06,1018.0,1644042459.0
Mandalī,33.7499,45.5541,IQ,11.0,67.0,60.0,1.78,1015.0,1644042464.0
Bluff,-46.6,168.3333,NZ,15.45,58.0,58.0,2.79,1015.0,1644042466.0
Chui,-33.6971,-53.4616,UY,20.08,94.0,49.0,1.71,1005.0,1644042467.0
Atherton,53.5237,-2.4935,GB,3.54,82.0,56.0,1.79,1016.0,1644042468.0
Castro,-24.7911,-50.0119,BR,18.51,98.0,93.0,2.28,1010.0,1644042470.0
Lorengau,-2.0226,147.2712,PG,28.87,68.0,100.0,4.55,1005.0,1644042471.0
San Policarpo,12.1791,125.5072,PH,27.29,72.0,94.0,8.54,1011.0,1644042473.0
Hobyo,5.3505,48.5268,SO,26.4,58.0,30.0,8.14,1013.0,1644042474.0
Teya,60.3778,92.6267,RU,-5.83,89.0,100.0,4.17,1021.0,1644042476.0
Thompson,55.7435,-97.8558,CA,-32.91,75.0,0.0,0.0,1021.0,1644042288.0
Khatanga,71.9667,102.5,RU,-37.58,100.0,77.0,1.08,1021.0,1644042480.0
Mar del Plata,-38.0023,-57.5575,AR,17.8,88.0,100.0,0.89,1007.0,1644042450.0
Lewiston,44.1003,-70.2148,US,-10.02,88.0,100.0,2.57,1014.0,1644042482.0
Atuona,-9.8,-139.0333,PF,25.88,77.0,18.0,8.12,1015.0,1644042484.0
Angoram,-4.0625,144.0661,PG,30.18,67.0,96.0,3.41,1005.0,1644042485.0
Padang,-0.9492,100.3543,ID,29.03,82.0,70.0,1.64,1010.0,1644042487.0
Ikornnes,62.3873,6.557,NO,2.53,72.0,97.0,2.68,984.0,1644042488.0
Atbasar,51.8,68.3333,KZ,-11.02,78.0,100.0,3.86,1026.0,1644042489.0
Methóni,36.8197,21.7049,GR,1.92,75.0,36.0,1.88,1021.0,1644042492.0
Nikolskoye,59.7035,30.7861,RU,-7.84,88.0,99.0,6.14,1004.0,1644042493.0
Kavaratti,10.5669,72.642,IN,25.58,59.0,62.0,2.36,1012.0,1644042495.0
Ponta Porã,-22.5361,-55.7256,BR,22.38,83.0,68.0,4.1,1008.0,1644042496.0
Arraias,-12.9288,-46.9437,BR,20.79,89.0,100.0,1.33,1010.0,1644042498.0
Kahului,20.8947,-156.47,US,23.04,86.0,75.0,4.63,1019.0,1644042499.0
East London,-33.0153,27.9116,ZA,19.52,94.0,100.0,1.03,1023.0,1644042462.0
Sohag,26.557,31.6948,EG,9.93,60.0,4.0,3.92,1024.0,1644042502.0
Hermanus,-34.4187,19.2345,ZA,21.0,70.0,0.0,8.82,1018.0,1644042503.0
Severo-Kuril'sk,50.6789,156.125,RU,-1.27,92.0,95.0,4.2,991.0,1644042505.0
Bethel,41.3712,-73.414,US,-5.66,83.0,75.0,3.09,1014.0,1644042506.0
Agüimes,27.9054,-15.4461,ES,16.19,32.0,0.0,2.06,1016.0,1644042507.0
Nuevo Progreso,23.1667,-97.95,MX,8.35,35.0,100.0,2.68,1039.0,1644042510.0
Chokurdakh,70.6333,147.9167,RU,-35.39,100.0,32.0,0.75,1025.0,1644042512.0
Jamestown,42.097,-79.2353,US,-10.17,85.0,100.0,4.63,1019.0,1644042447.0
New Norfolk,-42.7826,147.0587,AU,19.97,48.0,98.0,0.45,1025.0,1644042515.0
Mossamedes,-15.1961,12.1522,AO,22.08,61.0,22.0,2.06,1013.0,1644042517.0
San Cristobal,7.7669,-72.225,VE,17.84,92.0,44.0,1.32,1015.0,1644042518.0
Provideniya,64.3833,-173.3,RU,-17.51,70.0,1.0,4.91,1008.0,1644042520.0
Quelimane,-17.8786,36.8883,MZ,27.06,69.0,46.0,3.19,1011.0,1644042521.0
Barrow,71.2906,-156.7887,US,-22.99,70.0,100.0,3.09,1006.0,1644042522.0
Maceió,-9.6658,-35.7353,BR,23.69,83.0,20.0,1.54,1011.0,1644042524.0
Margate,51.3813,1.3862,GB,1.47,84.0,1.0,0.89,1023.0,1644042352.0
São Filipe,14.8961,-24.4956,CV,22.57,71.0,1.0,4.63,1013.0,1644042526.0
Bereket,39.2446,55.5154,TM,10.19,59.0,34.0,3.03,1002.0,1644042528.0
Dinājpur,25.6272,88.6386,BD,17.83,67.0,76.0,1.48,1013.0,1644042529.0
Octeville,49.6261,-1.6435,FR,3.27,81.0,20.0,4.12,1024.0,1644042532.0
Hilo,19.7297,-155.09,US,21.75,90.0,20.0,0.0,1019.0,1644042357.0
Murgūd,16.4,74.2,IN,27.68,30.0,30.0,3.25,1013.0,1644042535.0
Berlevåg,70.8578,29.0864,NO,-5.87,80.0,100.0,12.17,987.0,1644042536.0
Jalu,29.0331,21.5482,LY,9.2,77.0,0.0,2.08,1027.0,1644042537.0
Makkah al Mukarramah,21.4267,39.8261,SA,16.56,40.0,3.0,6.1,1018.0,1644042539.0
Susanville,40.4163,-120.653,US,-0.78,73.0,0.0,0.45,1032.0,1644042338.0
Flinders,-34.5833,150.8552,AU,21.52,69.0,82.0,4.92,1015.0,1644042542.0
Nyurba,63.2842,118.3319,RU,-22.42,94.0,98.0,1.58,1028.0,1644042543.0
Berëzovka,53.7214,25.4993,BY,0.92,98.0,100.0,5.67,1004.0,1644042544.0
Dunedin,-45.8742,170.5036,NZ,13.78,60.0,56.0,1.79,1015.0,1644042533.0
Mangai,-4.05,19.5333,CD,22.06,90.0,97.0,0.41,1013.0,1644042547.0
Mersing,2.4312,103.8405,MY,29.95,74.0,40.0,5.14,1009.0,1644042549.0
Fairbanks,64.8378,-147.7164,US,-15.8,79.0,100.0,0.0,1004.0,1644042550.0
Dickinson,29.4608,-95.0513,US,0.59,80.0,100.0,1.34,1036.0,1644042551.0
Tsiroanomandidy,-18.7667,46.0333,MG,22.57,86.0,90.0,3.96,1007.0,1644042554.0
Faanui,-16.4833,-151.75,PF,27.0,74.0,62.0,6.22,1015.0,1644042555.0
Dikson,73.5069,80.5464,RU,-20.87,91.0,100.0,3.13,1020.0,1644042544.0
Torbay,47.6666,-52.7314,CA,1.11,99.0,100.0,3.09,1009.0,1644042559.0
Hamilton,39.1834,-84.5333,US,-7.67,87.0,100.0,0.89,1028.0,1644042523.0
Longhua,23.6137,114.1919,CN,16.6,56.0,69.0,1.14,1023.0,1644042562.0
Aklavik,68.2191,-135.0107,CA,-30.54,90.0,6.0,8.07,1008.0,1644042539.0
Manadhoo,5.7667,73.3833,MV,27.49,67.0,24.0,4.01,1011.0,1644042565.0
Westport,41.1415,-73.3579,US,-4.15,84.0,100.0,0.89,1013.0,1644042566.0
Broome,42.2506,-75.833,US,-9.92,90.0,100.0,0.89,984.0,1644042568.0
Vardø,70.3705,31.1107,NO,-5.59,90.0,100.0,12.11,990.0,1644042569.0
Vaini,-21.2,-175.2,TO,25.09,94.0,100.0,4.12,1008.0,1644042570.0
Butaritari,3.0707,172.7902,KI,28.32,79.0,76.0,8.33,1007.0,1644042572.0
Guiratinga,-16.3494,-53.7583,BR,21.56,92.0,90.0,0.61,1011.0,1644042573.0
Nome,64.5011,-165.4064,US,-18.96,65.0,0.0,0.0,1003.0,1644042575.0
Letychiv,49.3826,27.6305,UA,-2.79,87.0,100.0,3.29,1014.0,1644042576.0
Geraldton,-28.7667,114.6,AU,40.23,11.0,0.0,8.23,1003.0,1644042578.0
Matagami,49.7502,-77.6328,CA,-28.94,76.0,0.0,1.54,1022.0,1644042579.0
Saint George,37.1041,-113.5841,US,2.44,36.0,0.0,3.13,1035.0,1644042580.0
Ketchikan,55.3422,-131.6461,US,6.26,75.0,0.0,3.09,1021.0,1644042574.0
Verāval,20.9,70.3667,IN,22.45,47.0,23.0,1.77,1014.0,1644042583.0
Saint Paul Harbor,57.79,-152.4072,US,5.73,70.0,100.0,5.14,997.0,1644042585.0
Talnakh,69.4865,88.3972,RU,-18.75,95.0,98.0,1.58,1016.0,1644042586.0
Airai,-8.9266,125.4092,TL,20.4,82.0,92.0,1.46,1008.0,1644042587.0
Primero de Marzo,-25.153,-56.928,PY,22.67,98.0,68.0,0.65,1007.0,1644042589.0
Pavlovsk,50.4578,40.1081,RU,-10.58,95.0,92.0,3.09,1014.0,1644042590.0
Kodinsk,58.6881,99.1844,RU,-6.09,91.0,100.0,3.38,1025.0,1644042592.0
Ballina,-28.8667,153.5667,AU,21.48,67.0,100.0,8.75,1011.0,1644042593.0
Nouadhibou,20.931,-17.0347,MR,18.99,37.0,7.0,4.12,1015.0,1644042595.0
Saint-Pierre,-21.3393,55.4781,RE,30.82,55.0,100.0,5.14,1005.0,1644042299.0
La Ronge,55.1001,-105.2842,CA,-21.86,71.0,100.0,3.6,1018.0,1644042597.0
Imst,47.2684,10.6698,AT,-7.61,98.0,92.0,1.15,1024.0,1644042599.0
Rājpīpla,21.8667,73.5,IN,22.96,15.0,5.0,1.16,1014.0,1644042600.0
Nanortalik,60.1432,-45.2371,GL,-10.57,60.0,58.0,17.51,1004.0,1644042603.0
Sompeta,18.9333,84.6,IN,26.84,27.0,55.0,2.64,1013.0,1644042556.0
Kez,57.8979,53.7152,RU,-3.27,96.0,100.0,2.56,1011.0,1644042606.0
Sinnamary,5.3833,-52.95,GF,24.35,89.0,47.0,3.95,1010.0,1644042609.0
Bambous Virieux,-20.3428,57.7575,MU,28.14,83.0,75.0,8.75,1010.0,1644042611.0
Tura,25.5198,90.2201,IN,15.68,81.0,70.0,2.72,1012.0,1644042612.0
Rutland,43.6167,-73.0162,US,-13.08,92.0,100.0,0.0,1017.0,1644042614.0
Meadow Lake,34.8014,-106.5436,US,-7.13,57.0,0.0,0.89,1039.0,1644042615.0
Libreville,0.3925,9.4537,GA,25.24,87.0,63.0,2.01,1011.0,1644042322.0
Ponta do Sol,32.6667,-17.1,PT,15.22,66.0,7.0,2.67,1020.0,1644042618.0
Kilindoni,-7.9139,39.6668,TZ,23.91,87.0,100.0,5.84,1013.0,1644042619.0
Tuktoyaktuk,69.4541,-133.0374,CA,-31.0,69.0,0.0,5.14,1007.0,1644042621.0
Bartlesville,36.7473,-95.9808,US,-10.22,72.0,0.0,0.0,1034.0,1644042622.0
Ugoofaaru,5.6667,73.0,MV,27.51,67.0,46.0,3.97,1011.0,1644042623.0
Chickasha,35.0526,-97.9364,US,-8.11,92.0,0.0,2.06,1034.0,1644042625.0
Daru,-9.0763,143.2092,PG,29.37,73.0,100.0,6.72,1005.0,1644042626.0
Lavrentiya,65.5833,-171.0,RU,-23.76,91.0,4.0,3.65,1011.0,1644042628.0
Baruun-Urt,46.6806,113.2792,MN,-10.75,72.0,4.0,4.05,1033.0,1644042630.0
Cidreira,-30.1811,-50.2056,BR,22.39,93.0,18.0,2.13,1005.0,1644042627.0
San Felipe,10.3399,-68.7425,VE,19.98,93.0,42.0,1.39,1014.0,1644042632.0
Hirara,24.8,125.2833,JP,18.15,59.0,75.0,7.72,1022.0,1644042615.0
Saint Anthony,45.0205,-93.218,US,-20.15,75.0,75.0,0.45,1030.0,1644042635.0
Beni Suef,29.0731,31.0979,EG,11.51,63.0,10.0,2.41,1025.0,1644042636.0
Baní,18.2833,-70.3333,DO,20.97,75.0,4.0,4.97,1016.0,1644042638.0
Cape Town,-33.9258,18.4232,ZA,20.35,62.0,0.0,2.06,1015.0,1644042640.0
Port Hedland,-20.3167,118.5667,AU,33.03,62.0,40.0,9.77,1003.0,1644042642.0
Lebu,-37.6167,-73.65,CL,13.5,90.0,3.0,7.56,1019.0,1644042643.0
Dingle,10.9995,122.6711,PH,27.29,75.0,68.0,7.66,1010.0,1644042645.0
Biltine,14.5333,20.9167,TD,16.75,19.0,6.0,9.25,1018.0,1644042646.0
Rzhev,56.2624,34.3282,RU,-13.02,99.0,98.0,2.62,1014.0,1644042648.0
Panacan,9.2463,118.4082,PH,27.71,74.0,57.0,7.88,1009.0,1644042649.0
Mahébourg,-20.4081,57.7,MU,28.16,83.0,75.0,8.75,1010.0,1644042651.0
Iqaluit,63.7506,-68.5145,CA,-29.15,57.0,100.0,1.54,1006.0,1644042612.0
Portland,45.5234,-122.6762,US,7.42,91.0,75.0,2.24,1032.0,1644042793.0
Coahuayana Viejo,18.7333,-103.6833,MX,18.81,76.0,0.0,1.51,1017.0,1644042656.0
Port Elizabeth,-33.918,25.5701,ZA,20.16,83.0,100.0,3.6,1022.0,1644042657.0
Mpika,-11.8343,31.4529,ZM,17.3,91.0,100.0,3.32,1016.0,1644042658.0
San Patricio,28.017,-97.5169,US,1.6,78.0,6.0,4.21,1038.0,1644042660.0
Narsaq,60.9167,-46.05,GL,-15.88,50.0,0.0,7.49,1004.0,1644042661.0
Lompoc,34.6391,-120.4579,US,7.44,82.0,0.0,1.54,1027.0,1644042663.0
Yellowknife,62.456,-114.3525,CA,-32.58,81.0,100.0,2.57,1026.0,1644042665.0
Faya,18.3851,42.4509,SA,15.29,55.0,8.0,3.78,1017.0,1644042666.0
Ahipara,-35.1667,173.1667,NZ,21.83,97.0,100.0,4.55,1006.0,1644042668.0
Pangnirtung,66.1451,-65.7125,CA,-32.04,99.0,100.0,0.41,1006.0,1644042669.0
Cherskiy,68.75,161.3,RU,-35.48,97.0,10.0,1.6,1026.0,1644042670.0
Dubbo,-32.25,148.6167,AU,26.07,34.0,40.0,6.69,1015.0,1644042672.0
Ceuta,35.8903,-5.3075,ES,15.01,77.0,100.0,5.86,1022.0,1644042674.0
Voinka,45.8699,33.9914,UA,-1.22,57.0,92.0,0.55,1020.0,1644042675.0
La Unión,-5.4,-80.75,PE,22.25,77.0,100.0,3.85,1013.0,1644042677.0
Armizonskoye,55.9461,67.6736,RU,-5.17,80.0,100.0,4.94,1022.0,1644042678.0
Amahai,-3.3333,128.9167,ID,29.25,70.0,100.0,0.68,1006.0,1644042680.0
Carnarvon,-24.8667,113.6333,AU,34.04,43.0,51.0,7.2,1002.0,1644042539.0
Callaway,30.153,-85.5699,US,4.32,94.0,100.0,6.71,1026.0,1644042682.0
Strășeni,47.1414,28.6103,MD,0.99,81.0,100.0,2.24,1016.0,1644042684.0
Strezhevoy,60.7333,77.5889,RU,-7.01,92.0,100.0,2.76,1022.0,1644042685.0
Howick,-29.4779,30.2306,ZA,15.01,98.0,100.0,1.29,1022.0,1644042687.0
Presidencia Roque Sáenz Peña,-26.7852,-60.4388,AR,21.32,95.0,99.0,1.64,1008.0,1644042688.0
Mbandaka,0.0487,18.2603,CD,25.62,55.0,100.0,1.45,1012.0,1644042690.0
Ayan,56.45,138.1667,RU,-18.27,69.0,100.0,6.66,1013.0,1644042691.0
Sumé,-7.6717,-36.88,BR,20.68,86.0,7.0,3.1,1012.0,1644042693.0
Naze,28.3667,129.4833,JP,12.51,56.0,68.0,8.8,1023.0,1644042694.0
Laguna,38.421,-121.4238,US,7.32,77.0,0.0,0.0,1029.0,1644042696.0
Cockburn Town,21.4612,-71.1419,TC,24.24,73.0,0.0,7.91,1018.0,1644042697.0
Anadyr,64.75,177.4833,RU,-15.72,60.0,0.0,1.0,1015.0,1644042699.0
Tarko-Sale,64.9225,77.785,RU,-13.05,94.0,74.0,5.5,1016.0,1644042700.0
Kaitangata,-46.2817,169.8464,NZ,13.29,64.0,29.0,2.51,1015.0,1644042702.0
Forsytheganj,52.6333,29.7333,BY,-5.58,95.0,100.0,5.69,1011.0,1644042703.0
Ardakān,32.31,54.0175,IR,18.21,26.0,5.0,14.25,1003.0,1644042705.0
Dhidhdhoo,6.8833,73.1,MV,27.49,64.0,17.0,4.36,1011.0,1644042706.0
Rājāpur,25.3833,81.15,IN,21.12,38.0,0.0,3.81,1013.0,1644042709.0
Guarapari,-20.6667,-40.4975,BR,23.83,88.0,100.0,3.75,1011.0,1644042710.0
Grindavik,63.8424,-22.4338,IS,-2.74,80.0,100.0,18.01,975.0,1644042552.0
Ust-Maya,60.4167,134.5333,RU,-27.52,96.0,100.0,0.52,1029.0,1644042713.0
Srednekolymsk,67.45,153.6833,RU,-37.06,100.0,71.0,0.68,1026.0,1644042715.0
Norman Wells,65.282,-126.8329,CA,-23.48,95.0,100.0,2.27,1011.0,1644042716.0
Haines Junction,60.7522,-137.5108,CA,-25.03,77.0,100.0,0.51,1010.0,1644042718.0
Areosa,41.7178,-8.8571,PT,8.67,85.0,21.0,4.46,1027.0,1644042719.0
Darhan,49.4867,105.9228,MN,-13.13,79.0,11.0,2.84,1041.0,1644042720.0
Praia da Vitória,38.7333,-27.0667,PT,14.14,94.0,75.0,7.81,1030.0,1644042722.0
Nhulunbuy,-12.2333,136.7667,AU,31.34,62.0,75.0,2.57,1005.0,1644042723.0
Khani,41.9563,42.9566,GE,-3.24,91.0,93.0,2.82,1019.0,1644042725.0
Belyy Yar,53.6039,91.3903,RU,-18.06,78.0,95.0,0.0,1037.0,1644042626.0
Ericeira,38.9627,-9.4156,PT,10.86,93.0,22.0,6.66,1026.0,1644042728.0
Tabas,33.5959,56.9244,IR,15.25,42.0,99.0,1.89,1005.0,1644042729.0
Katsuura,35.1333,140.3,JP,5.41,40.0,55.0,2.02,1007.0,1644042731.0
Jiaxing,30.7522,120.75,CN,6.01,40.0,6.0,4.88,1031.0,1644042630.0
Fukuechō,32.6881,128.8419,JP,4.2,70.0,75.0,5.66,1023.0,1644042733.0
Montepuez,-13.1256,38.9997,MZ,25.09,77.0,100.0,2.72,1010.0,1644042735.0
Lagoa,39.05,-27.9833,PT,14.64,76.0,35.0,8.81,1030.0,1644042736.0
Korla,41.7597,86.1469,CN,-0.87,32.0,100.0,3.69,1031.0,1644042738.0
Hambantota,6.1241,81.1185,LK,32.19,62.0,20.0,2.06,1010.0,1644042739.0
Port Lincoln,-34.7333,135.8667,AU,23.91,49.0,4.0,5.17,1015.0,1644042742.0
Ol'ga,43.7444,135.2892,RU,-10.75,50.0,8.0,7.79,1011.0,1644042743.0
Am Timan,11.0297,20.2827,TD,22.25,17.0,24.0,4.74,1015.0,1644042745.0
Saint-Augustin,51.226,-58.6502,CA,-21.38,85.0,100.0,4.25,1020.0,1644042746.0
Beyneu,45.3167,55.2,KZ,4.45,85.0,100.0,5.16,1002.0,1644042747.0
Kīhei,20.785,-156.4656,US,23.11,86.0,75.0,4.63,1019.0,1644042749.0
Leshukonskoye,64.8989,45.7622,RU,-20.71,99.0,81.0,2.19,1018.0,1644042751.0
San Juan,-31.5375,-68.5364,AR,21.02,50.0,26.0,9.3,1015.0,1644042647.0
Nago,26.5881,127.9761,JP,16.64,59.0,76.0,6.73,1023.0,1644042754.0
Muroto-misakicho,33.2833,134.15,JP,8.02,45.0,82.0,10.56,1017.0,1644042756.0
Quang Ngai,15.1167,108.8,VN,19.81,94.0,100.0,2.2,1017.0,1644042757.0
Vila Franca do Campo,37.7167,-25.4333,PT,14.55,83.0,100.0,4.5,1028.0,1644042758.0
Murakami,38.2333,139.4833,JP,0.94,72.0,100.0,8.55,1011.0,1644042761.0
Shiyan,32.6475,110.7781,CN,6.96,44.0,98.0,4.79,1029.0,1644042764.0
Zaysan,47.4667,84.8667,KZ,-11.8,83.0,33.0,0.57,1036.0,1644042765.0
Matara,5.9485,80.5353,LK,30.37,57.0,37.0,3.0,1009.0,1644042767.0
Okhotsk,59.3833,143.3,RU,-15.42,73.0,100.0,5.81,1009.0,1644043137.0
Salalah,17.0151,54.0924,OM,26.05,57.0,20.0,1.03,1014.0,1644043138.0
Hofn,64.2539,-15.2082,IS,-2.84,64.0,100.0,5.41,982.0,1644043140.0
Tighina,46.8306,29.4711,MD,0.51,66.0,100.0,2.26,1017.0,1644043141.0
Martapura,-3.4167,114.85,ID,32.05,62.0,40.0,3.09,1006.0,1644043144.0
Maués,-3.3836,-57.7186,BR,21.62,99.0,100.0,0.87,1010.0,1644043145.0
Lakeway,30.3638,-97.9796,US,-2.61,84.0,0.0,0.89,1038.0,1644042969.0
Sambava,-14.2667,50.1667,MG,28.52,60.0,100.0,1.23,1004.0,1644043148.0
Batié,9.8833,-2.9167,BF,19.63,18.0,1.0,1.97,1013.0,1644042934.0
Nampula,-15.1165,39.2666,MZ,24.97,83.0,40.0,3.09,1011.0,1644043069.0
College,64.8569,-147.8028,US,-15.88,79.0,100.0,1.54,1004.0,1644043153.0
Mastic Beach,40.7668,-72.8521,US,-2.99,88.0,100.0,1.34,1014.0,1644043154.0
Ransang,8.9603,117.5828,PH,29.42,65.0,98.0,5.61,1007.0,1644043156.0
Hong Kong,22.2855,114.1577,HK,16.65,70.0,64.0,0.89,1022.0,1644042976.0
Gazojak,41.1875,61.4036,TM,9.9,35.0,91.0,6.83,1000.0,1644043159.0
Mount Isa,-20.7333,139.5,AU,32.87,19.0,5.0,4.63,1006.0,1644043160.0
Swift Current,50.2834,-107.8014,CA,-1.55,100.0,100.0,7.72,1004.0,1644043161.0
Avera,33.194,-82.5271,US,5.17,75.0,100.0,5.89,1024.0,1644043163.0
Yulara,-25.2406,130.9889,AU,30.91,15.0,0.0,4.63,1011.0,1644043164.0
Funadhoo,6.15,73.2667,MV,27.49,66.0,9.0,3.77,1011.0,1644043166.0
Tawao,4.2498,117.8871,MY,29.96,70.0,100.0,4.47,1007.0,1644043167.0
Mazagão,-0.115,-51.2894,BR,25.03,97.0,100.0,1.3,1010.0,1644043169.0
Tazovsky,67.4667,78.7,RU,-15.4,96.0,100.0,3.62,1015.0,1644043170.0
Grand Gaube,-20.0064,57.6608,MU,27.99,79.0,100.0,6.26,1010.0,1644043171.0
Soke,13.598,-5.9386,ML,18.66,15.0,0.0,4.14,1014.0,1644043173.0
City of Saint Peters,38.8003,-90.6265,US,-9.24,73.0,0.0,2.06,1034.0,1644043174.0
Bollnäs,61.3482,16.3946,SE,-2.01,83.0,46.0,3.49,988.0,1644043176.0
Kendari,-3.945,122.4989,ID,30.25,63.0,36.0,3.37,1005.0,1644043177.0
Sola,-13.8833,167.55,VU,30.37,74.0,40.0,2.57,1004.0,1644043179.0
Sioux Lookout,50.1001,-91.917,CA,-30.96,76.0,0.0,2.06,1025.0,1644043180.0
Kantunilkín,21.0917,-87.45,MX,22.91,97.0,2.0,0.74,1019.0,1644043181.0
Sibsāgar,26.9833,94.6333,IN,15.01,74.0,91.0,4.65,1013.0,1644043183.0
Beira,-19.8436,34.8389,MZ,29.05,70.0,75.0,6.17,1010.0,1644043011.0
Touros,-5.1989,-35.4608,BR,24.5,74.0,5.0,4.77,1010.0,1644043185.0
Lydenburg,-25.0978,30.4597,ZA,19.67,75.0,80.0,4.08,1018.0,1644043187.0
Coldwater,41.9403,-85.0005,US,-10.87,92.0,100.0,1.54,1024.0,1644043188.0
George Town,5.4112,100.3354,MY,31.72,68.0,40.0,0.89,1008.0,1644043183.0
San Borja,-14.8167,-66.85,BO,22.37,98.0,40.0,1.43,1008.0,1644043192.0
Conde,-7.2597,-34.9075,BR,24.7,83.0,0.0,1.03,1011.0,1644043194.0
Niamey,13.5137,2.1098,NE,17.16,17.0,0.0,3.09,1016.0,1644042906.0
Point Fortin,10.1833,-61.6833,TT,22.36,82.0,51.0,4.13,1012.0,1644043196.0
Nsanje,-16.92,35.262,MW,27.59,74.0,100.0,1.25,1011.0,1644043198.0
Kyra,49.5776,111.9753,RU,-7.57,64.0,57.0,5.22,1030.0,1644043199.0
Puri,19.8,85.85,IN,25.29,30.0,72.0,4.52,1013.0,1644043201.0
Husavik,66.0449,-17.3389,IS,-11.05,94.0,82.0,3.72,985.0,1644043202.0
Taltal,-25.4,-70.4833,CL,18.97,76.0,0.0,0.27,1014.0,1644043203.0
Canatlán,24.5167,-104.7833,MX,2.4,71.0,0.0,1.58,1031.0,1644043205.0
Karratha,-20.7377,116.8463,AU,33.3,58.0,51.0,8.0,1003.0,1644043206.0
Chicama,-7.8447,-79.1469,PE,21.2,80.0,96.0,2.0,1013.0,1644043208.0
Huambo,-12.7761,15.7392,AO,15.54,88.0,100.0,1.03,1016.0,1644043209.0
San Isidro,-12.1167,-77.05,PE,20.05,59.0,0.0,0.89,1004.0,1644043211.0
Kumul,42.8,93.45,CN,0.33,21.0,100.0,3.16,1033.0,1644043150.0
Egvekinot,66.3167,-179.1667,RU,-22.91,84.0,3.0,6.29,1019.0,1644042915.0
Galveston,29.3669,-94.9669,US,0.63,81.0,19.0,4.02,1036.0,1644043214.0
Mareeba,-17.0,145.4333,AU,25.78,82.0,100.0,1.18,1004.0,1644043216.0
Semey,50.4111,80.2275,KZ,-14.88,78.0,0.0,5.0,1033.0,1644043218.0
Hasaki,35.7333,140.8333,JP,7.4,30.0,99.0,6.77,1007.0,1644043220.0
Bariloche,-41.1456,-71.3082,AR,9.86,76.0,20.0,3.6,1023.0,1644043221.0
Yarovoy,52.9273,78.58,RU,-9.56,79.0,17.0,4.32,1034.0,1644043223.0
Almaznyy,48.0448,40.045,RU,-2.92,89.0,100.0,5.41,1016.0,1644043224.0
Camacha,33.0833,-16.3333,PT,15.67,88.0,40.0,4.63,1019.0,1644043226.0
Kołobrzeg,54.1757,15.5834,PL,4.42,80.0,99.0,11.65,1008.0,1644043002.0
Longyearbyen,78.2186,15.6401,SJ,-11.09,57.0,20.0,10.8,1005.0,1644043228.0
Richards Bay,-28.783,32.0377,ZA,22.08,88.0,100.0,4.98,1020.0,1644043230.0
Lukulu,-14.3707,23.242,ZM,21.13,81.0,98.0,2.35,1013.0,1644043231.0
Darnah,32.767,22.6367,LY,12.19,77.0,0.0,4.63,1025.0,1644043232.0
Subiaco,41.9254,13.0941,IT,7.44,91.0,98.0,0.95,1018.0,1644043234.0
Champerico,14.3,-91.9167,GT,22.63,71.0,0.0,0.9,1013.0,1644043235.0
Chuzhou,32.3219,118.2978,CN,5.69,28.0,68.0,4.05,1032.0,1644043237.0
Uray,60.1247,64.7758,RU,-6.59,96.0,100.0,3.31,1019.0,1644043238.0
Mitú,1.1983,-70.1733,CO,21.59,98.0,100.0,0.76,1009.0,1644043149.0
Klaksvík,62.2266,-6.589,FO,1.51,72.0,100.0,6.26,983.0,1644043241.0
Härnösand,62.6323,17.9379,SE,-11.0,84.0,38.0,3.52,985.0,1644043242.0
Amapá,1.0,-52.0,BR,21.35,99.0,100.0,0.81,1010.0,1644043244.0
Viedma,-40.8135,-62.9967,AR,15.53,71.0,100.0,8.41,1017.0,1644043225.0
Sortland,68.6949,15.4162,NO,-2.9,74.0,100.0,2.45,972.0,1644043246.0
Hella,67.2,14.4333,NO,1.08,64.0,0.0,12.86,969.0,1644043248.0
Gizo Government Station,-8.103,156.8419,SB,29.51,71.0,82.0,3.52,1005.0,1644043249.0
General Pico,-35.6566,-63.7568,AR,15.83,90.0,100.0,5.85,1013.0,1644043251.0
Tías,28.9611,-13.645,ES,16.82,55.0,0.0,4.12,1018.0,1644043252.0
Coquimbo,-29.9533,-71.3436,CL,18.8,81.0,0.0,1.43,1013.0,1644042796.0
Beringovskiy,63.05,179.3167,RU,-22.69,85.0,10.0,5.58,1013.0,1644043255.0
Pak Phanang,8.3511,100.202,TH,33.01,71.0,17.0,7.75,1010.0,1644043256.0
Bilibino,68.0546,166.4372,RU,-22.72,93.0,3.0,2.33,1025.0,1644043257.0
Pozo Colorado,-23.4923,-58.7972,PY,23.2,95.0,99.0,1.66,1007.0,1644043259.0
Pisco,-13.7,-76.2167,PE,18.03,88.0,0.0,0.0,1014.0,1644043260.0
Sri Aman,1.2376,111.4621,MY,28.03,78.0,40.0,3.6,1007.0,1644043262.0
Erdenet,49.0333,104.0833,MN,-12.06,72.0,1.0,1.79,1040.0,1644043263.0
Inhambane,-23.865,35.3833,MZ,29.99,70.0,40.0,6.17,1012.0,1644043265.0
Guerrero Negro,27.9769,-114.0611,MX,14.17,37.0,0.0,0.81,1021.0,1644043266.0
Kitimat,54.0524,-128.6534,CA,6.06,51.0,100.0,0.89,1021.0,1644043268.0
Aykhal,66.0,111.5,RU,-26.7,100.0,79.0,2.68,1026.0,1644043269.0
Tuatapere,-46.1333,167.6833,NZ,14.34,64.0,26.0,3.26,1016.0,1644043270.0
Matadi,-5.8167,13.45,CD,24.73,86.0,45.0,0.35,1014.0,1644043272.0
Port Blair,11.6667,92.75,IN,30.02,70.0,20.0,5.14,1010.0,1644043273.0
Nishihara,26.1842,127.7558,JP,16.4,55.0,40.0,7.2,1023.0,1644043275.0
Gogrial,8.5332,28.1004,SS,23.94,13.0,79.0,4.86,1015.0,1644043276.0
Réo,12.3167,-2.4667,BF,17.97,16.0,22.0,4.59,1014.0,1644043278.0
Walvis Bay,-22.9575,14.5053,,19.53,82.0,28.0,1.54,1014.0,1644043280.0
Aksarka,66.5606,67.7975,RU,-18.02,99.0,93.0,0.65,1020.0,1644043074.0
Necochea,-38.5473,-58.7368,AR,17.8,81.0,100.0,4.38,1009.0,1644043283.0
Monrovia,6.3005,-10.7969,LR,23.87,94.0,46.0,2.75,1011.0,1644043285.0
Nicholasville,37.8806,-84.573,US,-5.72,79.0,100.0,5.66,1028.0,1644043286.0
Sitka,57.0531,-135.33,US,5.94,81.0,100.0,4.12,1018.0,1644043287.0
Isla Vista,34.4133,-119.861,US,11.33,49.0,0.0,1.54,1026.0,1644043289.0
Myskhako,44.6714,37.7433,RU,-1.21,68.0,92.0,2.9,1020.0,1644043290.0
Barra de Tecoanapa,16.5167,-98.75,MX,22.83,73.0,10.0,2.07,1016.0,1644043293.0
Upernavik,72.7868,-56.1549,GL,-18.42,93.0,100.0,1.83,1004.0,1644043294.0
Adrar,20.5022,-10.0711,MR,15.47,14.0,99.0,4.12,1017.0,1644043296.0
Mahibadhoo,3.7833,72.9667,MV,28.06,67.0,47.0,4.64,1010.0,1644043297.0
Sásd,46.2552,18.1078,HU,5.41,91.0,85.0,0.32,1019.0,1644043299.0
Lefka,35.1106,32.8506,CY,9.54,65.0,3.0,2.96,1018.0,1644043300.0
Saldanha,-33.0117,17.9442,ZA,19.03,58.0,12.0,2.72,1014.0,1644043302.0
Cessnock,-32.8333,151.35,AU,21.39,58.0,18.0,4.84,1017.0,1644043304.0
Jardim,-21.4803,-56.1381,BR,23.19,89.0,94.0,2.2,1008.0,1644043306.0
Zaranj,30.9667,61.8833,AF,14.98,16.0,98.0,3.57,1010.0,1644043307.0
Port Hardy,50.6996,-127.4199,CA,6.1,93.0,100.0,1.03,1030.0,1644043159.0
Nato,13.6105,123.5356,PH,25.17,83.0,98.0,4.42,1013.0,1644043310.0
Prince Rupert,54.3161,-130.3201,CA,6.05,87.0,100.0,5.66,1024.0,1644043211.0
Seoul,37.5683,126.9778,KR,-1.55,34.0,40.0,7.72,1025.0,1644043200.0
Palimbang,6.2106,124.1894,PH,30.33,61.0,82.0,2.14,1007.0,1644043315.0
Khilok,51.3674,110.4676,RU,-9.31,81.0,100.0,4.72,1033.0,1644043316.0
Juneau,58.3019,-134.4197,US,3.13,98.0,100.0,3.87,1015.0,1644043318.0
Huarmey,-10.0681,-78.1522,PE,20.96,88.0,31.0,3.18,1013.0,1644043319.0
Clyde River,70.4692,-68.5914,CA,-29.87,76.0,0.0,2.57,996.0,1644043266.0
Georgiyevskoye,58.731,45.024,RU,-12.5,92.0,13.0,3.41,1014.0,1644043322.0
Marystown,47.1666,-55.1483,CA,3.81,100.0,100.0,5.29,1006.0,1644043323.0
Suntar,62.1444,117.6319,RU,-17.77,94.0,100.0,1.93,1029.0,1644043325.0
Tiksi,71.6872,128.8694,RU,-29.4,98.0,100.0,3.11,1023.0,1644043326.0
Zhigansk,66.7697,123.3711,RU,-33.13,99.0,100.0,2.22,1028.0,1644043327.0
Yong’an,39.6957,113.6871,CN,-5.92,28.0,91.0,2.92,1035.0,1644043329.0
Yangi Marg`ilon,40.4272,71.7189,UZ,6.39,33.0,0.0,0.0,1013.0,1644043082.0
Staryy Nadym,65.6118,72.6842,RU,-17.19,97.0,74.0,3.54,1019.0,1644043332.0
Mungwi,-10.1732,31.3694,ZM,18.72,82.0,100.0,1.77,1016.0,1644043333.0
Coyhaique,-45.5752,-72.0662,CL,11.97,76.0,0.0,2.57,1021.0,1644043334.0
Rexburg,43.826,-111.7897,US,-6.23,79.0,100.0,0.0,1029.0,1644043336.0
Lac du Bonnet,50.2536,-96.0612,CA,-22.3,93.0,100.0,2.99,1027.0,1644043337.0
Nola,40.922,14.5329,IT,10.32,77.0,81.0,1.49,1013.0,1644043339.0
Bambanglipuro,-7.95,110.2833,ID,27.24,79.0,98.0,3.82,1006.0,1644043340.0
Rawson,-43.3002,-65.1023,AR,14.01,60.0,80.0,6.93,1021.0,1644043251.0
Banyo,6.75,11.8167,CM,20.36,24.0,24.0,1.24,1015.0,1644043344.0
Marsá Maţrūḩ,31.3525,27.2453,EG,12.74,67.0,42.0,7.24,1024.0,1644043078.0
Guararapes,-21.2608,-50.6428,BR,22.01,93.0,100.0,2.23,1010.0,1644043347.0
Manhush,47.0558,37.3107,UA,-3.35,80.0,69.0,4.12,1019.0,1644043348.0
Neftçala,39.3742,49.2472,AZ,10.08,41.0,25.0,7.31,1010.0,1644043349.0
Cobija,-11.0267,-68.7692,BO,22.15,96.0,100.0,1.43,1010.0,1644043351.0
Novikovo,51.1537,37.8879,RU,-11.88,95.0,47.0,2.55,1017.0,1644043352.0
Neiafu,-18.65,-173.9833,TO,27.38,83.0,75.0,5.66,1011.0,1644043354.0
Nānākuli,21.3906,-158.1547,US,22.04,80.0,0.0,0.0,1019.0,1644043355.0
Sinaloa,25.0,-107.5,MX,11.17,84.0,0.0,0.9,1014.0,1644043357.0
Olafsvik,64.8945,-23.7142,IS,-1.83,61.0,100.0,13.21,979.0,1644043358.0
Lawrence,38.9717,-95.2353,US,-8.97,73.0,0.0,0.0,1034.0,1644043223.0
Tessalit,20.1986,1.0114,ML,12.24,24.0,0.0,5.97,1020.0,1644043361.0
Farafenni,13.5667,-15.6,GM,21.71,12.0,0.0,2.79,1011.0,1644043362.0
Verkhnyaya Tishanka,51.3239,40.5328,RU,-10.18,91.0,60.0,4.14,1013.0,1644043364.0
Piazza Armerina,37.3859,14.3672,IT,6.33,85.0,39.0,1.98,1019.0,1644043365.0
Tautira,-17.7333,-149.15,PF,27.01,69.0,8.0,6.83,1017.0,1644043342.0
Santa Lucía,27.9117,-15.5407,ES,13.61,34.0,0.0,2.57,1017.0,1644043368.0
Cururupu,-1.8283,-44.8683,BR,23.0,97.0,100.0,1.45,1009.0,1644043369.0
Bud,39.447,-86.1758,US,-8.31,79.0,100.0,6.15,1030.0,1644043370.0
San Antonio,29.4241,-98.4936,US,-1.98,74.0,0.0,2.57,1038.0,1644043372.0
Vestmannaeyjar,63.4427,-20.2734,IS,0.07,89.0,100.0,12.68,978.0,1644043076.0
Fernie,49.5,-115.0687,CA,0.92,98.0,100.0,2.24,1019.0,1644043338.0
Skellefteå,64.7507,20.9528,SE,-0.56,69.0,100.0,2.57,982.0,1644043377.0
Kozel'sk,54.0375,35.7716,RU,-11.84,92.0,100.0,1.13,1016.0,1644043378.0
Imbituba,-28.24,-48.6703,BR,25.46,95.0,100.0,2.88,1005.0,1644043380.0
Upington,-28.4478,21.2561,ZA,24.21,60.0,0.0,1.03,1017.0,1644043381.0
Umluj,25.0213,37.2685,SA,18.26,44.0,4.0,4.49,1021.0,1644043383.0
Izhma,65.0083,53.9113,RU,-19.83,99.0,82.0,1.0,1021.0,1644043384.0
Lodja,-3.4833,23.4333,CD,24.86,69.0,61.0,1.37,1013.0,1644043387.0
Ust-Nera,64.5667,143.2,RU,-29.75,79.0,72.0,0.82,1030.0,1644043388.0
Nuevo Comalapa,15.65,-92.1333,MX,17.89,98.0,35.0,0.75,1022.0,1644043390.0
Galanta,48.19,17.7275,SK,5.66,69.0,41.0,8.64,1019.0,1644043391.0
Nadadores,27.05,-101.6,MX,2.36,44.0,0.0,0.35,1039.0,1644043393.0
Malé,4.1748,73.5089,MV,30.97,62.0,40.0,4.63,1010.0,1644043394.0
Mae Ramat,16.984,98.5166,TH,28.18,48.0,100.0,1.98,1011.0,1644043397.0
San Andrés,12.5847,-81.7006,CO,27.01,74.0,40.0,5.14,1015.0,1644043398.0
Nazaré da Mata,-7.7417,-35.2278,BR,27.51,87.0,12.0,0.67,1011.0,1644043399.0
Lüderitz,-26.6481,15.1594,,20.68,71.0,49.0,2.64,1013.0,1644043401.0
Xining,36.6167,101.7667,CN,-6.42,57.0,100.0,3.31,1024.0,1644043402.0
Poum,-20.2333,164.0167,NC,27.41,72.0,94.0,4.78,1001.0,1644043404.0
Puerto Limón,10.0,-83.0333,CR,23.58,83.0,12.0,1.56,1014.0,1644043405.0
Sørland,67.667,12.6934,NO,1.91,77.0,100.0,14.32,967.0,1644043306.0
Novy Urengoy,66.0833,76.6333,RU,-16.52,97.0,60.0,3.79,1016.0,1644043408.0
Mehamn,71.0357,27.8492,NO,-7.12,84.0,91.0,8.29,984.0,1644043411.0
Mercedes,-34.6515,-59.4307,AR,19.54,97.0,71.0,4.24,1007.0,1644043412.0
Kushiro,42.975,144.3747,JP,-1.47,50.0,75.0,3.6,998.0,1644043413.0
Shache,38.4167,77.2406,CN,-0.16,30.0,86.0,1.2,1027.0,1644043415.0
Praia,14.9215,-23.5087,CV,21.3,73.0,0.0,7.72,1013.0,1644043417.0
Tommot,58.9564,126.2925,RU,-17.25,93.0,100.0,2.51,1030.0,1644043418.0
Assiniboia,49.6334,-105.9845,CA,-1.1,74.0,100.0,9.26,1008.0,1644043420.0
Powell River,49.8496,-124.5361,CA,5.92,93.0,95.0,3.93,1029.0,1644043387.0
Lixouri,38.2019,20.4314,GR,12.0,82.0,75.0,2.57,1020.0,1644043422.0
Vrede,-27.4257,29.1659,ZA,17.09,66.0,100.0,6.16,1020.0,1644043424.0
Esso,55.9333,158.7,RU,-11.85,97.0,100.0,2.33,998.0,1644043425.0
Codrington,-38.2667,141.9667,AU,19.9,63.0,100.0,10.2,1019.0,1644043304.0
Arrondissement de Saint-Gaudens,43.0833,0.6667,FR,7.01,95.0,100.0,1.71,1027.0,1644043428.0
Ilulissat,69.2167,-51.1,GL,-12.99,72.0,20.0,4.63,1003.0,1644043429.0
Buraidah,26.326,43.975,SA,12.25,30.0,0.0,5.66,1019.0,1644043332.0
Rafaela,-31.2503,-61.4867,AR,19.56,72.0,0.0,2.24,1010.0,1644043212.0
Puerto Escondido,15.85,-97.0667,MX,23.83,65.0,0.0,2.35,1016.0,1644043433.0
Sur,22.5667,59.5289,OM,26.51,28.0,4.0,2.88,1012.0,1644043384.0
Raudeberg,61.9875,5.1352,NO,1.54,74.0,99.0,3.13,987.0,1644043345.0
Bathsheba,13.2167,-59.5167,BB,22.34,73.0,20.0,3.6,1013.0,1644043437.0
Barwāni,22.0333,74.9,IN,25.69,14.0,9.0,1.97,1013.0,1644043438.0
Isiro,2.7739,27.616,CD,25.93,52.0,100.0,1.06,1013.0,1644043441.0
Kununurra,-15.7667,128.7333,AU,30.99,74.0,40.0,2.06,1005.0,1644043442.0
Gigmoto,13.7796,124.39,PH,26.17,77.0,98.0,7.56,1012.0,1644043444.0
Yaan,7.3833,8.5667,NG,24.55,15.0,0.0,4.63,1013.0,1644043446.0
Abu Samrah,35.3029,37.1841,SY,9.03,71.0,1.0,6.34,1017.0,1644043448.0
St. Pete Beach,27.7253,-82.7412,US,18.03,86.0,100.0,1.79,1021.0,1644043449.0
Fort Nelson,58.8053,-122.7002,CA,-23.23,70.0,100.0,1.54,1010.0,1644043451.0
Rondonópolis,-16.4708,-54.6356,BR,22.03,95.0,100.0,1.15,1010.0,1644043452.0
Souillac,-20.5167,57.5167,MU,28.21,83.0,75.0,8.75,1010.0,1644043453.0
São João da Barra,-21.6403,-41.0511,BR,23.66,91.0,96.0,5.87,1009.0,1644043455.0
Inta,66.0317,60.1659,RU,-16.71,98.0,94.0,1.76,1021.0,1644043456.0
Kaspiysk,42.8816,47.6392,RU,1.8,93.0,75.0,9.83,1012.0,1644043458.0
Normandin,48.8333,-72.5321,CA,-22.64,70.0,100.0,3.6,1023.0,1644043459.0
Buala,-8.145,159.5921,SB,28.6,80.0,61.0,2.79,1006.0,1644043461.0
Scarborough,54.2797,-0.4044,GB,4.11,83.0,100.0,4.92,1013.0,1644043462.0
Takanabe,32.1333,131.5,JP,8.94,41.0,8.0,6.03,1020.0,1644043464.0
Rabat,33.9911,-6.8401,MA,9.04,93.0,100.0,0.0,1022.0,1644043465.0
Takaka,-40.85,172.8,NZ,15.86,91.0,100.0,3.76,1010.0,1644043466.0
Havøysund,70.9963,24.6622,NO,-5.51,82.0,42.0,8.95,979.0,1644043468.0
Skegness,53.1436,0.3363,GB,2.66,82.0,100.0,8.47,1017.0,1644043469.0
Mumford,5.2618,-0.759,GH,26.2,83.0,15.0,1.45,1011.0,1644043471.0
Grand Bank,47.0999,-55.765,CA,3.88,98.0,100.0,5.55,1006.0,1644043472.0
Atasū,48.6814,71.6433,KZ,-6.53,71.0,5.0,5.89,1026.0,1644043474.0
Kirakira,-10.4544,161.9205,SB,28.44,80.0,100.0,3.16,1006.0,1644043475.0
Vanimo,-2.6741,141.3028,PG,28.66,76.0,100.0,4.6,1006.0,1644043476.0
Nuuk,64.1835,-51.7216,GL,-13.66,85.0,75.0,4.63,1005.0,1644043423.0
Gilgit,35.9221,74.3087,PK,-4.47,40.0,0.0,0.67,1037.0,1644043479.0
Key West,24.5557,-81.7826,US,23.6,84.0,20.0,3.6,1020.0,1644043254.0
Mt. Pleasant,32.7941,-79.8626,US,13.84,93.0,100.0,1.34,1018.0,1644043323.0
Bulgan,48.8125,103.5347,MN,-11.04,70.0,0.0,1.38,1040.0,1644043483.0
Jacareacanga,-6.2222,-57.7528,BR,22.57,99.0,100.0,0.96,1009.0,1644043484.0
Mandan,46.8267,-100.8896,US,-11.27,60.0,100.0,6.71,1013.0,1644043486.0
Vengerovo,55.6848,76.7471,RU,-7.62,82.0,100.0,4.1,1030.0,1644043487.0
Buguruslan,53.6554,52.442,RU,-3.16,92.0,100.0,3.85,1007.0,1644043491.0
Kabinda,-6.1333,24.4833,CD,21.89,75.0,98.0,1.44,1014.0,1644043492.0
Yavoriv,49.9386,23.3825,UA,3.48,89.0,100.0,5.78,1012.0,1644043494.0
Ixtapa,20.7,-105.2,MX,17.98,78.0,0.0,0.82,1018.0,1644043495.0
Paamiut,61.994,-49.6678,GL,-15.54,89.0,100.0,3.73,1009.0,1644043497.0
Rio Grande,-32.035,-52.0986,BR,21.08,92.0,100.0,2.92,1004.0,1644043498.0
Snezhnogorsk,69.1933,33.2531,RU,-10.12,91.0,100.0,8.28,993.0,1644043500.0
Tevaitoa,-16.7833,-151.5,PF,27.01,74.0,23.0,6.92,1016.0,1644043501.0
Praia,14.9215,-23.5087,CV,21.3,73.0,0.0,7.72,1013.0,1644043487.0
Oodweyne,9.4092,45.064,SO,23.66,21.0,49.0,0.24,1015.0,1644043504.0
Terney,45.0503,136.6092,RU,-10.56,60.0,36.0,4.78,1009.0,1644043506.0
Il’inskiy,55.619,38.1182,RU,-8.73,93.0,75.0,0.0,1014.0,1644043508.0
Luleå,65.5842,22.1547,SE,0.04,93.0,100.0,5.66,982.0,1644043509.0
Homer,59.6425,-151.5483,US,0.93,75.0,100.0,3.6,998.0,1644043278.0
Rincon,32.296,-81.2354,US,11.84,89.0,100.0,6.69,1020.0,1644043463.0
Belmonte,-15.8631,-38.8828,BR,26.28,87.0,100.0,2.62,1011.0,1644043515.0
Fortuna,40.5982,-124.1573,US,5.36,94.0,40.0,0.0,1032.0,1644043516.0
Namatanai,-3.6667,152.4333,PG,28.51,70.0,72.0,3.84,1005.0,1644043459.0
Mosquera,4.7059,-74.2302,CO,13.05,100.0,75.0,2.06,1027.0,1644043519.0
Yanaul,56.2719,54.9309,RU,-1.48,81.0,100.0,3.42,1010.0,1644043520.0
Griffith,41.5284,-87.4237,US,-12.25,76.0,0.0,0.89,1030.0,1644043496.0
Esna,25.2934,32.554,EG,11.01,44.0,0.0,5.08,1024.0,1644043523.0
Upata,8.0086,-62.3989,VE,19.2,98.0,12.0,1.13,1012.0,1644043524.0
Eyl,7.9803,49.8164,SO,27.84,43.0,3.0,6.53,1013.0,1644043526.0
Andenes,69.3143,16.1194,NO,-2.01,69.0,92.0,6.17,972.0,1644043527.0
Canhotinho,-8.8822,-36.1911,BR,21.76,80.0,97.0,3.06,1012.0,1644043529.0
Awasa,7.05,38.4667,ET,23.84,21.0,6.0,2.01,1015.0,1644043530.0
Ukiah,39.1502,-123.2078,US,6.53,73.0,0.0,0.0,1029.0,1644043531.0
Chipinge,-20.1883,32.6236,ZW,19.66,86.0,82.0,2.85,1014.0,1644043332.0
Tamandaré,-8.7597,-35.1047,BR,25.32,74.0,36.0,2.71,1011.0,1644043534.0
Marawi,7.9986,124.2928,PH,23.69,69.0,80.0,3.72,1009.0,1644043536.0
Alofi,-19.0595,-169.9187,NU,24.94,94.0,100.0,2.57,1013.0,1644043537.0
Payo,-3.7508,103.6372,ID,29.9,64.0,96.0,1.73,1008.0,1644043538.0
Black Forest,39.0131,-104.7008,US,-7.46,57.0,0.0,0.89,1025.0,1644043540.0
Waddān,29.1614,16.139,LY,10.86,39.0,4.0,1.77,1027.0,1644043544.0
Mitsamiouli,-11.3847,43.2844,KM,28.16,78.0,75.0,2.06,1010.0,1644043545.0
Bad Goisern am Hallstättersee,47.6425,13.6161,AT,1.83,100.0,100.0,0.62,1025.0,1644043547.0
Aitape,-3.1374,142.3475,PG,28.45,77.0,100.0,4.32,1006.0,1644043548.0
Snåase,64.2457,12.3778,NO,-0.49,94.0,91.0,6.44,979.0,1644043550.0
Kautokeino,69.0125,23.0412,NO,-8.34,93.0,95.0,7.3,982.0,1644043551.0
Khandyga,62.6667,135.6,RU,-34.83,98.0,100.0,0.49,1030.0,1644043552.0
Pimampiro,0.4,-77.9667,EC,15.25,94.0,99.0,0.71,1016.0,1644043554.0
Grand-Santi,4.25,-54.3833,GF,21.87,100.0,100.0,0.77,1011.0,1644043555.0
Le Port,-20.9373,55.2919,RE,28.98,86.0,100.0,9.68,1008.0,1644043557.0
Morant Bay,17.8815,-76.4093,JM,24.79,82.0,19.0,4.84,1016.0,1644043558.0
Andra,62.5147,65.8878,RU,-13.4,90.0,100.0,0.62,1022.0,1644043560.0
Hermiston,45.8404,-119.2895,US,6.35,77.0,0.0,3.09,1028.0,1644043561.0
Spornoye,50.8448,37.2913,RU,-6.99,96.0,39.0,2.92,1017.0,1644043563.0
Nebbi,2.4783,31.0889,UG,26.45,33.0,100.0,1.74,1013.0,1644043564.0
Langenburg,49.2544,9.8458,DE,0.82,89.0,100.0,4.12,1021.0,1644043566.0
Najrān,17.4924,44.1277,SA,25.36,37.0,0.0,0.65,1014.0,1644043567.0
Kittery,43.0881,-70.7362,US,-7.01,84.0,100.0,0.45,1015.0,1644043568.0
Fountain,38.6822,-104.7008,US,-5.08,67.0,0.0,4.63,1024.0,1644043570.0
Formosa do Rio Preto,-11.0483,-45.1931,BR,21.21,86.0,82.0,1.02,1010.0,1644043571.0
San Luis,-33.295,-66.3356,AR,16.84,69.0,100.0,4.89,1014.0,1644043573.0
Barra Patuca,15.8,-84.2833,HN,24.22,85.0,11.0,2.98,1016.0,1644043574.0
Bonthe,7.5264,-12.505,SL,22.51,94.0,99.0,1.78,1011.0,1644043576.0
Mae Sai,20.4335,99.8762,TH,23.62,47.0,45.0,1.55,1011.0,1644043577.0
Kupang,-10.1667,123.5833,ID,28.91,73.0,85.0,4.12,1005.0,1644043578.0
Yerbogachën,61.2767,108.0108,RU,-14.5,94.0,100.0,2.9,1026.0,1644043580.0
Okakarara,-20.5833,17.4333,,21.81,65.0,100.0,2.15,1012.0,1644043581.0
Marzuq,14.4,46.4667,YE,26.26,17.0,10.0,0.41,1013.0,1644043583.0
Deputatsky,69.3,139.9,RU,-34.11,99.0,25.0,1.37,1026.0,1644043584.0
Nambucca Heads,-30.65,153.0,AU,23.0,77.0,84.0,8.45,1014.0,1644043586.0
Ishigaki,24.3448,124.1572,JP,18.07,68.0,75.0,8.23,1022.0,1644043587.0
Maxixe,-23.8597,35.3472,MZ,29.91,70.0,40.0,6.26,1012.0,1644043589.0
Vaitape,-16.5167,-151.75,PF,27.16,73.0,84.0,6.58,1016.0,1644043590.0
Takoradze,4.8845,-1.7554,GH,25.89,84.0,3.0,1.19,1011.0,1644043390.0
Bulungu,-4.55,18.6,CD,21.86,93.0,100.0,0.61,1014.0,1644043593.0
Truth or Consequences,33.1284,-107.2528,US,-4.87,63.0,0.0,3.09,1033.0,1644043594.0
Sudak,44.85,34.9667,UA,0.81,66.0,66.0,1.19,1020.0,1644043596.0
Marsh Harbour,26.5412,-77.0636,BS,22.55,63.0,0.0,3.23,1021.0,1644043597.0
Jacmel,18.2342,-72.5347,HT,22.91,80.0,0.0,2.08,1016.0,1644043598.0
San Quintín,30.4833,-115.95,MX,12.72,43.0,5.0,1.38,1023.0,1644043458.0
